f_id,i_id,ic.eps.max,ic.eps.s,ela_meta.quad_w_interact.adj_r2,ela_meta.lin_simple.coef.max,disp.diff_median_25,ela_level.lda_qda_50,disp.ratio_median_05,ela_level.qda_mda_10,ela_meta.lin_simple.coef.min,ela_level.mmce_qda_50,pca.expl_var_PC1.cor_init,disp.ratio_mean_05,disp.diff_mean_25,ic.eps.ratio,ela_meta.lin_w_interact.adj_r2,disp.diff_median_05,disp.ratio_mean_25,ela_meta.lin_simple.intercept,disp.diff_mean_02,disp.diff_mean_10,disp.diff_median_02,disp.ratio_mean_02,ela_level.lda_mda_25,ela_meta.lin_simple.coef.max_by_min,ela_level.lda_qda_25,disp.diff_mean_05,nbc.nb_fitness.cor,ela_level.mmce_qda_25,ela_meta.quad_simple.adj_r2,ela_level.qda_mda_50
1,1,-0.2367751814738077,-0.8758125290008748,0.6794143111193759,-0.1685198476611431,-1.4820780707220442,-0.2134989836637789,-1.37173292795475,-0.1382597412735882,-0.1341097218169262,-0.1085381437962158,0.5777420454588358,-1.4657837614234572,-1.571391337531023,-0.8025023781476435,0.0242261268382179,-1.370416934987482,-1.57125876225543,-0.1809047184027699,-1.3998160392527876,-1.5049341824609883,-1.3082927999451317,-1.3999568930211308,-0.3207487640031658,-0.0265111830087505,-0.091502073117866,-1.465934304597828,-0.4545780292635475,-0.1183261788292859,1.1801007054351893,-0.6849132645291318
1,2,-0.2367748735575575,-0.8344905425960382,0.6794143111193759,-0.1685198377805102,-0.8124386898629654,-0.3718781486862853,-0.9590071326957506,-0.1549129417526296,-0.1341096812246753,-0.4927038803738689,1.2074774878169852,-1.017648465376387,-0.8456761747262826,-0.7588975059693714,0.8405431242834709,-0.9587297426428144,-0.8458625286679617,-0.1809041002034699,-1.028553530070622,-0.9583061467017828,-0.9636176065295596,-1.0287715034829172,-0.3224679784483055,-0.4275954235806049,-0.2906293670474145,-1.017785290568055,0.0141912653270839,-0.8331900430141882,1.1801007054351893,-0.2617563622179132
1,3,-0.2367749409421899,-0.8427466837358658,0.6794143111193759,-0.1685198377437639,-0.8665961807516863,-0.3655341710052724,-0.9481459275573558,-0.1715661422316716,-0.1341097181176424,-0.4391759642376471,1.175016898004709,-1.0083486408150988,-0.9144327532929194,-0.7676533294537198,0.7852937960623066,-0.9485941021703832,-0.9136254233828708,-0.1809051655724789,-1.053345929182263,-0.9967986584936916,-0.9921885661248536,-1.0529287503614997,-0.3313355055863968,-0.1933545370240607,-0.2696760006664096,-1.0083790708612763,-0.0123346409530909,-0.7514219226487575,1.1801007054351893,-0.2333429491130829
1,4,-0.2367750667665921,-0.8593002467212199,0.6794143111193759,-0.1685198385616895,-1.0800662258754612,-0.3268535293113198,-1.1167804283903269,-0.12584553728012,-0.1341097187820868,-0.3032974078918535,0.9759252804894136,-1.1926014149356197,-1.1465739056728768,-0.7850778538006816,0.520816242624898,-1.117025923176698,-1.1469075199423928,-0.1809050552057328,-1.1982861086041654,-1.1543200981183186,-1.116305963816051,-1.198336794072965,-0.319843914295197,-0.1676071575180527,-0.2132847260437056,-1.1919609491384469,-0.1580097000327392,-0.5053079762023135,1.1801007054351893,-0.3683066613610255
1,5,-0.2367750667665921,-0.8593002467212199,0.6794143111193759,-0.1685198415725702,-1.1316782269169,-0.3061034356463405,-1.1728013812094156,-0.2266730965441373,-0.134109712594194,-0.3020621482887098,0.9651050838853268,-1.2536315136190723,-1.2048065181323748,-0.7850778538006816,0.5281719224176562,-1.1739206516952796,-1.2046726105190375,-0.1809048495442508,-1.2600470555035788,-1.2142355256991766,-1.1767018971783194,-1.259659036149365,-0.3269017420173511,-0.3228226735247264,-0.2188394775339721,-1.2539043472074745,-0.1597491037232433,-0.4858779277986467,1.1801007054351893,-0.4144784576563748
2,1,-0.0372386265362837,1.4299625685301474,0.6768723115698561,-0.1443864204987941,0.4318669678979861,-0.6357699980561914,0.5346943950213751,-1.5144196717689549,-0.133855053211355,-0.9736316191977692,1.172852858683891,0.5203100214466329,0.4200938488097681,1.5172681094742495,0.7715631937824906,0.5344528117557731,0.4194151283858335,-0.1537921095476051,0.5415094965112726,0.5529831853186382,0.5532178566403896,0.5414495436249126,0.3970685093282246,4.573417538335738,0.464184015838779,0.5202922254851892,0.7169103562904051,-0.5992198768200356,1.17524973234538,1.0406941992124208
2,2,-0.0325318485082074,1.4051528644049656,0.6752835618514065,-0.152710131322466,0.4203683758292301,-0.4458471662308716,0.5329794678942602,-0.0489380296132726,-0.1338750121333193,-0.1336550890601352,0.7487011518034883,0.519147543376472,0.4089559846797136,1.525980371647731,0.1782050238332981,0.5326509201162297,0.4083064571210931,-0.1597651514812312,0.5869866783136916,0.5200468843062167,0.6036729555001646,0.5869766627422404,1.1484557068252452,3.093490976335491,1.981263992471524,0.5194663135109354,0.3868585060174096,-0.3174841749668692,1.1707019450736842,1.2794176075306818
2,3,0.0144846719589365,1.4712845549349838,0.6743303120203363,-0.1363306043862228,0.5357053985646907,-0.599820791197119,0.598718341100334,-1.695485378795628,-0.1338098833648505,-1.120215758770807,1.311351375216268,0.5761089688143618,0.5277891019728161,1.569585243826003,0.9910893707085968,0.5986001541235166,0.5271692396538042,-0.1440249760665411,0.5687591304461089,0.6206887640954784,0.5906926572109383,0.5688587275833038,0.7970120802502901,5.215240446921523,0.6891162945395646,0.575949515750175,0.6873404935518493,-1.512432151792368,1.174643360709154,0.6670070786462197
2,4,0.0263383687162644,1.3721282998456557,0.6730593122455766,-0.1602738974973954,0.3147744349230208,0.6261969510591611,0.5827123545805948,-0.9463941427020004,-0.1336693408101686,-0.2806509818342212,-0.2251165425647877,0.5708778174986379,0.3131878931047558,1.5608729816525218,-0.900137633785111,0.5822029402036721,0.3127718842443368,-0.1584986877676825,0.5197978097152791,0.5178129438897218,0.5295815558988509,0.5200796713861673,6.235792219936395,0.5142628032827412,1.4692424690269716,0.5707646239118044,-0.4941494632224969,-0.5344530488078134,1.1737338032548148,1.0696149946941242
2,5,-0.0278250704801312,1.4960942590601654,0.6752835618514065,-0.1362026269386682,0.4689960094635111,-0.6196016660497214,0.5569884476738708,-1.724855568731393,-0.1337946198286041,-1.0403356377675224,1.2291178810251688,0.5336785192534843,0.466136200528498,1.552160719479041,0.8313893894302604,0.5571115991230308,0.466071547697738,-0.1443822733545377,0.5723166196677497,0.490661975750786,0.591586617148213,0.5725752271030863,1.0527226077221807,4.970101622061455,0.4611605435086342,0.5335068170732484,0.6903844500102303,-1.2987016193520369,1.174643360709154,0.8293694392452486
3,1,-0.2367695215054391,-0.4377829608273271,0.6122101980289485,-0.1685196938536272,-0.8779192217964916,0.0770023276459305,-0.8155248963937999,-0.1188814716252481,-0.1341096721201571,-0.1155379482140293,0.1492622599367966,-0.8392080816066718,-0.9025932914223884,-0.453663400721468,-0.5418342981022926,-0.8143982223153923,-0.9025167521181328,-0.1809047196002687,-0.8283072295535193,-0.874562021344981,-0.7990932196735531,-0.8290096542946443,0.1405436171191622,-0.30164319387048,0.0980626106512233,-0.8391130001378369,-0.3136863303327827,-0.0519401801167581,0.943615767306992,0.2950957963990691
3,2,-0.2367633124928783,-0.0741825050293244,0.6559008152863187,-0.168515880639347,-0.3885707425345485,-0.5863838940255297,-0.6720426600918479,-0.4567900486181703,-0.1341096728233267,-0.923809481870978,0.9802533591310548,-0.7107542548538799,-0.4262084256392647,-0.2356390398301082,0.4931915785143155,-0.6726794448653074,-0.4259547548608196,-0.1809009325960515,-0.7655193785488896,-0.6544329695350024,-0.7513200006256018,-0.7658291624583516,-0.153080113116607,3.5527800309607125,-0.2446444623052092,-0.7106378041428162,0.8425822729292666,-0.5158325857542996,1.1015755785439032,0.6632017108196798
3,3,-0.2367435416628221,-0.1402729148536435,0.6466860669193096,-0.1685174283710631,-0.3926961915973847,-0.234909908337197,-0.4553901996996595,-0.5733624519714632,-0.1341096347543339,-0.4325879130208814,0.9196602581481408,-0.4619839478394233,-0.3826216660122008,-0.1135802467796408,0.4080291524692661,-0.4554614077183563,-0.3826309369283366,-0.1809003665841368,-0.5274976770184879,-0.4409484584510079,-0.510272643138895,-0.5270440683123685,0.057840353810844,0.9749614348614128,0.0236008153576531,-0.4621759518881608,0.1476904985732097,-0.8291421162634244,1.055794520008829,0.6365641360339012
3,4,-0.2367644624614666,-0.2311730288031442,0.6400133181018205,-0.1685187766386761,-0.6018652366343729,-0.1052548644814987,-0.6937650703686374,-0.3523290637950897,-0.1341096534036156,-0.4218823297936379,0.614530713912749,-0.7124979719591212,-0.6187970053998941,-0.2792439120083802,0.0335433212423792,-0.6940769080848844,-0.6192456348672825,-0.1809030040176674,-0.7430008385273693,-0.7065009653963789,-0.7073729301091852,-0.7430656028996883,-0.0943553670694533,0.3581921662453998,-0.2022455363731763,-0.7123355120898933,0.2368349377115021,-0.2219531036488415,0.9375520509447308,0.6941520358088696
3,5,-0.2367657557608313,-0.3964609744224906,0.6352470689464708,-0.1685194643729678,-1.0414450006063571,-0.1990488122792501,-0.8881234781083326,0.0727817266153604,-0.1341096390834131,0.0471045661998751,0.3656661920186349,-0.9101192438864922,-1.0719414460297547,-0.3577413941914431,-0.280135557031037,-0.8880505430817264,-1.072479422468641,-0.1809034203073549,-0.8616449378264214,-0.9781824883562356,-0.8435409077548438,-0.8610644626527624,-0.1848403378663007,-0.2164210417874861,-0.0308919998949599,-0.9099120099308072,-0.3763048631909003,0.1205014994657832,0.9775725789356564,-0.3480113662861469
4,1,-0.2367591522798247,-0.0576289420439702,0.5475480844880408,-0.1685178079013551,-0.8661573031918101,-0.2003704742961276,-0.7880860623599598,0.9102863179795376,-0.134109627940722,0.2105705870158755,0.0843410803122451,-0.813052325028048,-0.8876843394372763,-0.1135802467796408,-0.5892375678778479,-0.7878653679231162,-0.8869646123474947,-0.1809024892057739,-0.7194920695472481,-0.838704413634066,-0.6967526860543637,-0.7193729184610795,-0.2460986630957663,0.667008378865282,-0.2288942808644542,-0.8126379329631488,0.2677093532179352,0.7050221222760881,0.5729711046637596,-0.1668758577428555
4,2,-0.2367044938017262,0.0663370171705395,0.667975313146537,-0.1685132191066053,-0.4333362536419196,0.0638297628777165,-0.6440321836823042,0.1015463456246147,-0.1341095382040469,-0.5301734216692241,0.6643036182915711,-0.6619301759071162,-0.4367323917464029,0.052126979759966,0.1322728900162941,-0.6442095569605224,-0.4359525589990837,-0.1808962536010523,-0.6152613028678333,-0.602135851579626,-0.5880829160792707,-0.6153109319071869,-0.0944458520402503,1.4025350080340124,-0.2414803633550577,-0.6620925336561265,0.3929464189341709,-0.1976655431442581,1.0098618685646985,1.379371935774458
4,3,-0.2367599279698004,-0.2146607465234893,0.6145933226066232,-0.1685185065772957,-0.7045625856453999,-0.3882227022950058,-0.7629337978289407,0.2084296141537375,-0.1341096877142177,0.0800448222837039,0.6772878542164812,-0.7915464807300691,-0.7249136636468714,-0.2443948633144566,0.029947211121475,-0.7627740268424751,-0.7247780118823055,-0.1809023343772495,-0.7680132885186997,-0.7538719583307671,-0.7497823895334897,-0.768151974658216,-0.2687199057949781,1.4460035488208267,-0.3417471434198654,-0.7914395256239705,0.232486428485244,0.2832281548464914,0.9366424934903912,0.2943347228337606
4,4,-0.2367587461617602,-0.0245630967789612,0.6317518195658812,-0.1685158548663415,-0.660060401073955,-0.2927987046764386,-0.777224857221565,0.37405326255439,-0.1341095597026943,-0.1690658643502511,0.5777420454588358,-0.8054962175720023,-0.6753633232257623,-0.05686342003028,-0.0045427541290153,-0.7768738289219018,-0.6747889911909772,-0.1808999601632834,-0.7655927288421195,-0.8069137230916411,-0.7229635914152535,-0.76536460001838,-0.1125428461996198,0.8080052477265507,-0.1099944736487527,-0.805801217176271,0.4455633805718948,0.324517007704283,0.914509928768137,0.7157157868259275
4,5,-0.2367644624614666,0.0084614677803487,0.6393778182144406,-0.1685157562704689,-0.761441117405353,-0.2459237584778444,-0.7349233214193956,1.2533422478478,-0.1341096309735232,-0.1105969098014551,0.4933445119469198,-0.7717843535373328,-0.7841986727170834,-0.0873998989483306,-0.1456083465990301,-0.7344843281016444,-0.7836539695854217,-0.1809003521371531,-0.7201155470397005,-0.7776433755832104,-0.6894579729662036,-0.7198374809010512,-0.2369596810452851,1.8404731570192,-0.0957911850280717,-0.7715258702447423,0.6929935555459859,0.7924573400925865,0.8646358616885365,0.4658299662164851
5,1,-0.2367753815405704,-0.9253906565455388,0.6794143111193759,-0.1685198274463309,0.7378524026436603,-0.8250319988730723,0.5878571359619391,-0.8588891438212171,-0.1341096848791193,-1.179508219721699,1.5429035825438344,0.5772714468845227,0.7429165091462334,-0.8461072503259154,1.3958152188612691,0.588059088032188,0.7426774621897431,-0.1809047065266972,0.5598470698186994,0.6408515083674303,0.5617641136407343,0.5600320412238229,-1.4749750514877504,-0.4100584113079692,-1.4930572814150709,0.5772342677101252,0.2716230115215686,-1.7229243428320902,1.1801007054351893,0.4734407018695643
5,2,-0.2367753815405704,-0.9253906565455388,0.6794143111193759,-0.1685198274463309,0.7483854640806885,-0.7868800219858705,0.4963943558491414,-0.8207381754510487,-0.1341096848791193,-1.1622145852776888,1.5753641723561105,0.4889231135522864,0.7531773761006932,-0.8461072503259154,1.3958152188612691,0.4969734656532715,0.7526752663280096,-0.1809036225282991,0.4368386280724796,0.5516657332781414,0.4386121926817935,0.4369229946310483,-1.4647502497877067,-0.4100584113079692,-1.5095809092658632,0.4885863824735608,0.2890170484266013,-1.7204955867816316,1.1801007054351893,0.5551292645459508
5,3,-0.2367753815405704,-0.9253906565455388,0.6794143111193759,-0.1685198274463309,0.7497898722722923,-0.81886424279431,0.5684212951879692,-0.8398136596361329,-0.1341096848791193,-1.176214194113316,1.5190991500148323,0.5551843635514633,0.7541420729938475,-0.8461072503259154,1.3958152188612691,0.5685536110341313,0.7548970005809572,-0.1809045828087802,0.4960689898554686,0.5891844761705528,0.5198552717813038,0.4959224245075848,-1.4791373601444056,-0.4100584113079692,-1.521112292106416,0.5550264124024143,0.2459668070866452,-1.6921600995262844,1.1801007054351893,0.4478178918375301
5,4,-0.2367753815405704,-0.9253906565455388,0.6794143111193759,-0.1685198274463309,0.7580407703979646,-0.8111986030964194,0.5587033748009843,-0.9512387101140856,-0.1341096848791193,-1.163038091679785,1.5926764869226566,0.5604155148671885,0.7622981467268797,-0.8461072503259154,1.3958152188612691,0.558282828688734,0.7626730704662739,-0.1809031569891193,0.4808121288636894,0.5972610299840337,0.4845259750602139,0.4805918639884853,-1.5277277894623125,-0.4100584113079692,-1.5569017668981324,0.5602571882393546,0.269013905985813,-1.7051134651287303,1.1801007054351893,0.736518464277678
5,5,-0.2367753815405704,-0.9253906565455388,0.6794143111193759,-0.1685198274463309,0.7866555873018917,-0.8311556995512721,0.5758526460721345,-0.9155100254499592,-0.1341096848791193,-1.1650968576850238,1.5970045655642942,0.569715339428477,0.7888711611474037,-0.8461072503259154,1.3958152188612691,0.5758963194652703,0.7893338815016474,-0.1809047525461121,0.482719236487662,0.6632481930558772,0.5041573352827629,0.482450113748376,-1.4413146423513232,-0.4100584113079692,-1.520831038866403,0.5693881039547148,0.2694487569084388,-1.7132093186302584,1.1801007054351893,0.6885708296632775
6,1,-0.2295555977466798,0.7522985037731066,0.6018833248590247,-0.1681103967914173,-0.060465878771115,-0.3308625707625152,-0.1547063100788374,-0.4355950661902985,-0.1339235290917686,-0.635582241137477,1.1339001509091595,-0.1533460202116735,-0.0439253567974682,0.8806195511471325,1.098482295682872,-0.1540049364227534,-0.0438164633537915,-0.179863343899667,-0.2182528407620403,-0.1368461591902281,-0.2213447914117632,-0.2181100457305023,-0.0482080319630614,-0.3630712851995863,-0.1554871852209343,-0.1529636855272882,0.3425037119095768,-0.9351977971334398,0.7974802029764907,0.2012300566777551
6,2,-0.2301915544845506,0.7357449407877525,0.5778932041104322,-0.1682681915854991,-0.3629402930377795,-0.203850850940572,-0.3519229296970571,-0.2733020578854547,-0.1340160466050997,-0.4630576498984229,0.9413006513563248,-0.337017555297114,-0.3334221244613289,0.85448276462669,0.9000424008293403,-0.3523481586454878,-0.3326419162370108,-0.1800139765202041,-0.3209432512836309,-0.3365833446342551,-0.3415645237764434,-0.3207783449644749,-0.1948841696247507,-0.328493793343618,-0.0879864076176975,-0.3369126357930159,0.2403137450925088,-0.6631771194821049,0.6574083550082507,-0.3162999677316491
6,3,-0.2298809038749341,0.7522985037731066,0.5874257024211312,-0.1682449469725981,-0.2080165144014873,-0.2142919808739055,-0.3810766908580107,-0.2312148784929671,-0.1335180186424848,-0.5301734216692241,1.0192060669057814,-0.3811917219632328,-0.206169834282516,0.8806195511471325,0.9389457739554856,-0.3807279519682955,-0.2071139309454569,-0.1797707118629065,-0.449709691048383,-0.3137284157578091,-0.4425819966884664,-0.4494621408369227,-0.1314542050961606,-0.4526008499918754,-0.1232836892393902,-0.3811448104141583,0.2081347768181984,-0.8259037748628132,0.7974802029764904,-0.253891935376397
6,4,-0.2272549053254823,0.7894717792551799,0.6293686949882064,-0.1680809845395305,-0.1234886963693348,-0.1590465085684195,-0.2433108783131092,-0.6908432117145218,-0.1339475859946773,-0.6504053563751993,1.1685247800422538,-0.2219322263511735,-0.1054028588066674,0.9242244233254048,1.0960304024186192,-0.2431535252891607,-0.1049141553098577,-0.1793129862449415,-0.2354168093777919,-0.1800929544326256,-0.2460180856805405,-0.2352988560094936,-0.079153891975583,-0.3318921795853083,0.0688825869998243,-0.2220191033746114,0.2603168875332966,-0.9942975276945908,0.8144586087908225,-0.260234215087297
6,5,-0.2324276299416121,0.6861668132430886,0.4608023498606807,-0.1683652066863834,-0.1492946968900542,-0.135520924667997,-0.067816668971679,0.0773235085641902,-0.134026406668369,-0.2275348188990472,0.6102026352711115,-0.0684851210899186,-0.1303095785935612,0.775985282443627,0.5610272921586449,-0.0677393741796152,-0.1304640992187575,-0.1804620561132397,0.003595121111211,-0.0874703479333449,-0.003611909089176,0.0030216756965169,-0.0944458520402499,-0.3780693848741198,-0.1618856964312412,-0.0683077081662833,0.1589966225614811,-0.4041098074332163,0.3472492630785766,-0.0537295877004068
7,1,-0.2367556660834739,-0.2890485781933348,0.6709939376115917,-0.1685189369685249,0.1472109825622944,0.1077089418380549,0.1414044405363453,-1.48959126378202,-0.1341096274169116,-0.677169314443311,0.8612311964860437,0.1605230587317989,0.1838308097045146,-0.2443948633144566,1.140981778929922,0.1414602451713681,0.1839112975733615,-0.1809022211371417,0.1280338935754101,0.1515039961080893,0.0988358997224859,0.1279889720491822,0.3577075470315962,0.0081091653436646,0.7064836821103975,0.1606075606977013,0.4194723252143457,-0.8590967742190769,0.4585184583260744,0.1679965109926417
7,2,-0.2367599279698004,-0.3303705645981716,0.667975313146537,-0.1685192194825195,0.0805893689730901,0.3566660104172433,0.0413670247879737,-1.2043673573955211,-0.1341095548661101,-0.5874071166148767,0.5734139668171995,0.0669435740838386,0.1302462822756694,-0.2879997354927285,1.0108679763735695,0.0410948808488032,0.1305896755026143,-0.1809030298336791,0.0382531346622479,0.0475971264793353,0.0124078529867834,0.037863858694472,0.5303528713119808,-0.2798774507374947,1.2536618605566348,0.0666830156256275,0.3055413834863815,-0.695560533488216,0.2265813074695731,-0.3061523201942098
7,3,-0.2367606686470276,-0.3138170016128174,0.6667043133717773,-0.1685195055889108,0.1034110020866514,1.4278290196960242,0.0945297657285366,-1.0908228086747818,-0.1341095775102107,-0.6071712702651739,-0.3224983120016102,0.115767653030601,0.1307724805810262,-0.2879997354927285,0.8907252064251797,0.094566015252252,0.1305896755026143,-0.1809031891875546,0.075074981863561,0.1528214481485861,0.064257529348707,0.0750288538922915,0.5829246393449492,-0.3425657909152437,1.180254764913115,0.1159624300894318,0.2103090314313282,-0.5069271469026191,-0.5697362438044143,-1.1636285371078303
7,4,-0.2367649988976619,-0.4130145374078446,0.6593960646669083,-0.1685195499537257,-0.2604184950507038,0.641307953452129,-0.2947586921265573,-0.864339282159812,-0.1341096305312397,-0.4914686207707253,0.1557543778992522,-0.2765686956487402,-0.2166938003896542,-0.366453656364924,0.7740150870467436,-0.2942822005612034,-0.2171117350837235,-0.1809034871880354,-0.3148918520921801,-0.2496315099614607,-0.3339479851108642,-0.3152035956848028,0.3163559153774368,-0.2917446824567529,0.7026164500602123,-0.2762539896839379,0.0146261162497096,-0.5749323163154523,-0.0793331830065179,-0.6359508651609875
7,5,-0.2367633124928783,-0.3799486921428356,0.6616203142727377,-0.1685193063067401,-0.1190999207705727,0.1760388681106299,-0.1924347068753648,-1.1571328251276938,-0.134109570888187,-0.5482905625153299,0.6578115003291167,-0.1696207131939285,-0.0798822409968575,-0.3403168698444814,0.9471187515029956,-0.1925203702179924,-0.0793642114009579,-0.1809032633228927,-0.1903797293347511,-0.1059146765003012,-0.2174828844827373,-0.1902362993321385,0.2536498306152215,-0.2742026479384398,0.8339617131465102,-0.1698948809994888,0.239878894169883,-0.7392781423964677,0.401671117429873,-0.2155845659225639
8,1,-0.2320076317502923,0.6861668132430886,0.6592371896950633,-0.1683197279652964,-1.068830960342631,-0.2653081347253834,-1.0939147333621275,0.1003352037715936,-0.1340443654681129,-0.0117761415499686,0.5279691410800137,-1.1350587504626493,-1.0988652593205166,0.7890536757038484,-0.0215425474278351,-1.093331048116703,-1.0991402335040146,-0.1804563022890151,-1.1209382243934385,-1.1377660268268577,-1.0784020624756103,-1.1212194290374908,-0.3059092287924825,-0.3176490908442735,-0.211667519913628,-1.1350647909120808,-0.260634517772433,-0.0041746444577446,0.9392195729443524,-0.1902154470789662
8,2,-0.2306298551854148,0.7274887996479249,0.667975313146537,-0.168281057072707,-0.88845228323352,-0.2698898963838925,-0.9813011853482464,-0.0156316286551886,-0.134073263960994,-0.1114204162035507,0.675123814895663,-1.014742270200985,-0.9125033595066104,0.8370146789688608,0.1577725799645239,-0.9809831043911752,-0.9125145562563968,-0.18030245628486,-1.0148003500900518,-0.990784203526206,-0.9847150610492392,-1.014834630283736,-0.2282731238487875,-0.1356405637815623,-0.1374166645500678,-1.0151699026495846,-0.1997553886048184,-0.289148687711522,0.9897000116601792,-0.2244637575178234
8,3,-0.2298809038749341,0.7274887996479249,0.6689285629776072,-0.1683251811413254,-0.9231236104637384,-0.2123094878485891,-0.9481459275573558,-0.0080619920738061,-0.1340237142583135,-0.1283022974465129,0.5863982027421095,-0.9839366013417176,-0.937497779011064,0.8588388957134304,0.1185422877364781,-0.9483688657154404,-0.936953633038823,-0.18023698826426,-0.9993601133651978,-0.94690732252531,-0.9639036737094876,-0.9995040697646354,-0.2380455006948472,-0.358812086048794,-0.199151750733028,-0.9840146676207924,-0.3254273052436799,-0.2365256399515914,0.9821203662073524,-0.2234489927640796
8,4,-0.2315470704381328,0.6861668132430886,0.660508189469823,-0.1683537723542768,-1.0578590213457264,-0.2347336867349467,-1.0733356078367478,0.0234276961047456,-0.134071691451518,-0.0125996479520643,0.5279691410800137,-1.1036718425683016,-1.0880781940607,0.8108778924484179,-0.044590344111812,-1.0731498617538175,-1.0880315622392769,-0.1804175448582469,-1.0851799564439566,-1.0878746908584762,-1.0451825112064883,-1.0854481211595903,-0.3107954172155125,-0.2514987493129209,-0.2055502619433349,-1.1032212959047436,-0.3893503908696748,-0.0810852527222598,0.9120844422232324,-0.3782006177100294
8,5,-0.2315470704381328,0.6861668132430886,0.661938064216428,-0.1683700683763442,-1.00343820392108,-0.270374505790081,-1.008168377006379,0.0836820032925516,-0.1340380280386134,-0.0780684069186741,0.7292247979161226,-1.048454134235653,-1.0331781708684622,0.8108778924484179,0.1422439226242561,-1.0086421410581656,-1.033599073042053,-0.1804000210980487,-1.060717633651849,-1.038899843266092,-1.0210098345025849,-1.0603617494010635,-0.3069950484420445,-0.3686359334101176,-0.2310036801645554,-1.0482522656183026,-0.291508933278866,-0.135327471182496,0.9658999249383028,-0.3358341892412199
9,1,-0.2333228389578926,0.6944229543829159,-0.1542026661512448,-0.1684895133831145,-1.3815751095103987,0.4753953149334197,-1.0276042177803488,0.9233060928995156,-0.1340871370027162,0.2060413018043491,-1.3157923602572477,-0.9153503952022176,-1.3430212730061244,0.7498049346123168,-1.3148345145457447,-1.0282377126381994,-1.3424201342018032,-0.1806072390591004,-0.7858374097735188,-1.054136462517056,-0.9118036885651274,-0.78580534737718,-0.501899675538454,-0.4165320859861053,-0.3574973248606208,-0.9154639737577348,-0.2575905613140521,0.8944650942118382,-0.0984338895476415,-1.7598028299323898
9,2,-0.2333228389578926,0.6861668132430886,-0.1140072982744645,-0.1684808596036054,-1.4199330082435766,0.4339391830040242,-1.096772945240652,1.0559261258053398,-0.1340986266030463,0.2332170130735078,-1.313628320936429,-1.0379918316042052,-1.4060773699313938,0.741092672438836,-1.320065220176151,-1.0972952097236983,-1.4068504275372908,-0.1806141468192562,-0.9054350628845572,-1.1736236345377726,-0.9814252884800688,-0.9056624568901436,-0.5127578720340757,-0.28704386050273,-0.3803491506117163,-1.037836597942992,-0.263243623308188,0.9333251910191712,-0.0526528310125674,-1.7072887539261417
9,3,-0.233159912372642,0.6944229543829159,-0.1810525363930466,-0.1684841342215081,-1.384910578965458,0.4755274811351075,-1.035607211040219,0.8969637575963041,-0.1340953438708681,0.2266289618567421,-1.3936977758067093,-0.9165128732723784,-1.359333420472188,0.7498049346123168,-1.303882724632082,-1.035580421069339,-1.3590831410989126,-0.1806061820320881,-0.8046884351335535,-1.0653634451230292,-0.9282883098084695,-0.8048524074160609,-0.4937560281667378,-0.3577731508263344,-0.3662161753010385,-0.9170699137076724,-0.2241070402718644,0.9082280451644352,-0.1141995520895216,-1.758788065178646
9,4,-0.2333228389578926,0.6861668132430886,-0.0885873027792673,-0.168489233280754,-1.4074688855430932,0.4649982404006492,-1.0338922839131044,0.965090486828748,-0.1340978226763305,0.2200409106399764,-1.3395967927862498,-0.924650219763506,-1.3765225651138469,0.741092672438836,-1.2680850829739905,-1.034814617122533,-1.3768570151224933,-0.180616098961205,-0.8235761356402035,-1.1016792970219431,-0.943020769574754,-0.8234349050149712,-0.5023521003924384,-0.3410172651647198,-0.3579895180306442,-0.9249619614616524,-0.2723754926833293,0.8944650942118382,-0.0797879617336875,-1.7367169317847158
9,5,-0.233159912372642,0.6944229543829159,-0.1244930464162332,-0.168481260702411,-1.4442468250607172,0.4642492985910849,-1.119066997893147,1.0108110917802997,-0.1341021913429374,0.2072765614074928,-1.2313948267453347,-1.043222982919929,-1.4374738688176896,0.7498049346123168,-1.2971808830431242,-1.118962956689207,-1.4368438399520858,-0.1806087709859413,-0.8771218496978901,-1.1756284528602678,-0.9745954345592908,-0.8773241480518071,-0.5073287737862646,-0.1926587885895551,-0.3579895180306442,-1.0428379537870835,-0.2158448727419738,0.8952746795619909,-0.0629611488284117,-1.7570122268595942
10,1,0.0653615508507916,1.4960942590601654,0.651134566130969,-0.1477740751737033,0.7057265652607236,-0.3532427142483103,0.598718341100334,-1.9352914656938307,-0.1254661291607977,-0.934926818299271,1.0430104994347882,0.6045896815333061,0.7089767184507126,1.587053329483832,1.272239798342925,0.5981046339226421,0.7082405812690529,-0.1411206391487426,0.6078181615909282,0.6169082495444872,0.6088579231363569,0.6074174101010403,0.476333343746263,-0.3474618108179271,0.7997894444848714,0.6047187828533457,0.7738758271543872,-1.131927037220563,0.5714551755731944,0.1114233759714176
10,2,0.0325448269863882,1.4919455481374022,0.652723315849419,-0.1526353693460864,0.6745662585095148,-0.3256640334961299,0.729624445136775,-1.9682950811886588,-0.1041904568586284,-0.8299297520320661,0.9629410445645084,0.7347872253913407,0.6786326161751308,1.5782975059994837,1.246249729741845,0.7295526290273296,0.6782471688542554,-0.1459643667086879,0.750227755896406,0.7115929548897628,0.7222120431827688,0.7500380791726685,0.6781148286232326,-0.4484792603726432,1.3139203672295243,0.7345704988054557,0.7969229260535554,-1.0315384538016186,0.4445719106928733,0.5218957188608373
10,3,-0.046228088420696,1.4630284137951564,0.6609848143853578,-0.1584695574499399,0.8609136704329416,1.7541473716631186,0.8793947475714825,-1.1955865789611169,-0.1318732816640788,-0.8208711816090131,0.103817434199606,0.8766095499509842,0.8720104933937958,1.525980371647731,1.121530092366849,0.8792447769823937,0.8715380488607183,-0.1584817513797242,0.8687985049022287,0.909955407769793,0.8597388399330841,0.8689660638056879,2.180798738646477,-0.2403607476660177,2.233055955593597,0.8762602863885353,0.7316952876596827,-0.6453662417787456,-0.4044999729327893,-0.7315924432013531
10,4,0.1265402927034423,1.5828663024397525,0.6471626918348445,-0.1412118632146038,0.539128643531725,-0.5147498127107604,0.5072555609875362,-2.123926809301887,-0.1303138644832324,-1.102922124326798,1.086291285851151,0.50519780653454,0.5541867169582211,1.6219023781777555,1.275672448912879,0.5074694844536115,0.5538300506891778,-0.1311861279619233,0.5634412341869551,0.4904328536567866,0.549069882531436,0.5637485407436043,-0.1894550713769401,-0.0954050099454636,-0.4074900882730176,0.5056093459429012,0.8782400485845836,-1.3845176664682308,0.593436147386392,0.1586099370205103
10,5,-0.046228088420696,1.4382187096699748,0.6633679389630327,-0.1653052065736523,0.8917228751362496,3.255731644438391,0.8336633575150836,-1.271282944774944,-0.1325189981194036,-0.8023422875618594,-1.0993884281754094,0.8504537933723604,0.9008637004708664,1.508555847300769,1.0733095248365427,0.8330262564281068,0.9004205941490394,-0.160716841340033,0.7738465503163718,0.8954061548008275,0.7667670064565318,0.7737307636112782,2.0867848539885525,-0.3699132578940632,1.853645334815404,0.850335827196683,0.5138349754241485,-0.62674577872523,-1.2858611461874945,-0.4819603137803455
11,1,-0.0854533720186203,1.4382187096699748,0.6673398132591571,-0.1653170052701235,1.7062796262664437,4.352050287438409,1.8214613827332973,-1.4723324923764671,-0.1329355567333848,-0.8410470884603582,-1.2746756131617023,1.8275166113426928,1.6963001387353978,1.49108776164294,0.9049461873578462,1.8215890571725784,1.6969123238308406,-0.1671379022318786,1.8449442072031792,1.8075984915361671,1.834369721947279,1.8450117501883956,3.088905905563637,-0.3311053610958529,2.220610499723,1.827389692738814,0.7630045540887425,-0.8477625793169382,-1.2024850462063987,3.935310659266983
11,2,-0.0854533720186203,1.4299625685301474,0.6673398132591571,-0.1670271912351247,1.6472067067071094,5.866058183172331,1.7888777673181129,-1.5440926471679757,-0.1335702174644291,-0.8900457193850535,-1.575477078755453,1.7932235082729426,1.6342087387032824,1.486731630556199,0.9577436223147578,1.7888847239148669,1.6347037647483007,-0.1674143627210483,1.8155674147646812,1.7344512630268405,1.7971094717616762,1.8152797540301409,3.79143121883036,-0.3238224352309025,2.3221429193678684,1.7928390418158675,0.774310678077013,-0.8769076519224381,-1.4178985699757376,4.2937763085270255
11,3,-0.0708387041855972,1.4712845549349838,0.6593960646669083,-0.1558857043961518,1.4375110085982696,0.3986067517528278,1.6425373191376376,-1.6851906730449475,-0.1287887151252643,-0.8953985109986765,0.517148944475917,1.6455887933624935,1.427062005827778,1.5172681094742495,1.198683000415339,1.6427963592388894,1.4269716120976783,-0.1609312025145086,1.6864708986803956,1.5846626940746953,1.686365714732106,1.686595958157694,2.328379726016135,-0.3447012497772634,4.757585037954648,1.6460561303915566,1.048701610253904,-0.98782084489337,-0.1004045973653766,-0.7455454585653317
11,4,-0.0630102929354795,1.4795406960748114,0.6571718150610784,-0.1549020179160519,1.3027755977162818,-0.3693229354536552,1.6162417698552072,-1.822958058826112,-0.131539832496058,-0.8599877357085598,0.698928247424665,1.6136206464330665,1.2858654605570068,1.5346926338212117,1.2622687657349632,1.6163085521376022,1.285891487035489,-0.1585444361378027,1.6651626384971656,1.5119164292298677,1.657508687956884,1.6652260859189487,1.6740829021841317,-0.1906378369289795,5.0981123983009775,1.6138914473942318,1.0452228028728976,-1.0744464773597158,0.0769591062307713,-0.230044963663415
11,5,-0.0854533720186203,1.4299625685301474,0.6659099385125525,-0.1665090212467132,1.7000475649162017,5.407882017321409,1.8288927336174623,-1.5328895850275286,-0.1331810474118747,-0.9163979242521164,-1.5062278204892654,1.833329001693497,1.6834959799717129,1.486731630556199,1.0311369606913934,1.828976812894706,1.6835819183131526,-0.1672765848899251,1.8493452247969613,1.8061091979251709,1.8299356806583973,1.8496573745881235,3.1498022909099155,-0.3684008923124164,2.296267621286628,1.8328498885686024,0.8130124101907108,-0.8696213837710648,-1.422901135974603,4.143083742596052
12,1,3.084050822622555,2.487821932776244,-0.9732031460121272,1.0387008141834018,-0.6626058909212368,-0.1992690892820629,-0.9349981529161412,-0.1748967823274796,0.1054414639680255,-0.2950623438708963,-0.9046248893017556,-0.9670806693243834,-0.6848348927221869,2.1975215399796397,-0.7726391840439619,-0.9339086853081052,-0.6847867953292439,1.349577423965678,-0.9922451349219163,-0.9247397599308622,-0.9655843183915642,-0.9916065082850988,-0.2070091557115285,-0.2037027068341022,-0.235503732004771,-0.9667622841586035,2.0379874592276392,-0.2810528342099942,-1.273430527644858,0.2466407794077961
12,2,6.393728171707712,2.463012228651062,-0.1924915343658854,1.197251388285877,-0.2430389436796065,-0.328659800734386,-0.7680785792102862,-0.0719497248206761,1.5049652166779162,-0.4749984927288108,-0.1255707338071375,-0.7868965684494256,-0.2507212908027347,2.293443546509664,0.1144557989627234,-0.7689905529988996,-0.2504377488779399,1.834342635048736,-0.908735826079894,-0.6476738677620184,-0.8672844836888549,-0.9084498315299808,-0.2211248111558364,-0.4299039825103048,-0.2664415884062545,-0.7873558497512714,1.675321789757707,-0.58302816981698,-0.7131431357718981,0.2801280162813461
12,3,4.456885245365184,2.8472943180043324,-0.7757215560088149,8.87091098108531,-0.0449296131514981,-0.2347777421355094,-0.5537126883209162,-0.2496847917515408,10.218186701439585,-0.5939951678316423,-0.8332115917147485,-0.5823004281010866,-0.0505905353319891,2.4067900773866504,-0.5047289800365995,-0.5546555424752176,-0.0504816661126343,8.435356386409193,-0.6905920540147431,-0.4635169847099543,-0.6652495378648089,-0.691034609622743,0.0477965220523936,-0.434729690973505,-0.1332681792598688,-0.582254376144935,2.2967237581900006,-0.8752884812221325,-1.2737337134629712,0.4348796412272953
12,4,3.7564723090989705,2.7687784157645736,-0.851822667522561,5.14978881919822,-0.3198425166579387,-0.2703304503895183,-0.7989472674983545,-0.030468116354699,2.492241146690674,-0.4231175893967805,-0.7834386873359264,-0.8147960421332894,-0.3198286682396088,2.328336156514455,-0.6152276364789281,-0.7995326162891595,-0.3204223778457966,5.3834924734496,-0.919591669477891,-0.6852498911779293,-0.8883819382085344,-0.9191347676493524,-0.2130716487549172,-0.3658586315505293,-0.1893078873325558,-0.8150239008887703,2.2993328637257555,-0.390346856480619,-1.314663798908236,0.1487159806715069
12,5,5.028806799210953,2.60763918106799,-1.0412016339617796,2.054668267235654,-0.4067402735134225,-0.1448606695872659,-0.7829412809786155,0.0379613983410007,0.3714407223486794,-0.198712094825697,-0.9976785800969452,-0.8177022373086928,-0.4109486747839139,2.302155808683145,-0.8344268943031339,-0.782910165914372,-0.410402615090184,2.492193188201495,-0.9250562663235038,-0.6882284783999225,-0.8768677342164385,-0.9251740793689984,-0.1704532275096022,-0.244256336229768,-0.1519715197207658,-0.8182816647872156,2.1036499485441373,-0.2964349558628968,-1.366053795078402,0.1733240259497973
13,1,-0.2367620514802086,-0.4295268196874997,0.6663865634280873,-0.168519362652635,-0.5784291749369852,-0.1775057214041442,-0.7669352944588764,-0.6675287310438631,-0.1341094876532834,-0.5758780269855366,1.114423797021794,-0.767134441256688,-0.5760872429484251,-0.3316046076710005,0.9642820043527656,-0.767999512597151,-0.5759218169347995,-0.1809011038099482,-0.8275737266212223,-0.681583937673938,-0.8273423536914287,-0.8271514045347526,-0.1288301409430522,-0.3625633687534145,0.0671950675597433,-0.7674421943720432,0.0246276874701033,-0.7999970436579242,0.8872232051379603,-0.3609496168963823
13,2,-0.2367606686470276,-0.4212706785476722,0.6667043133717773,-0.1685192263121847,-0.3708400891155507,-0.2598452650556222,-0.5588574697022618,-0.6536005997341192,-0.1341094615748615,-0.668522497221305,1.2399380776292608,-0.567188213188995,-0.3546454561107248,-0.3141365220131712,1.0986457552338222,-0.5583494203362817,-0.3537483916400154,-0.1809008953944715,-0.6769855746206325,-0.5178762015113256,-0.6813765751332418,-0.6770977364235605,-0.1328114796581134,-0.3452312641044157,0.0143897717472113,-0.5671585406155203,0.113337275685771,-0.9335786264331326,0.943615767306992,-0.3097039968323137
13,3,-0.2367633124928783,-0.4460803826728539,0.652723315849419,-0.1685195282754872,-0.7550335050311605,0.2072300917089426,-0.7846562081057302,-0.4640568997362975,-0.1341094554236558,-0.357237077229123,0.4543918041721884,-0.765971963186527,-0.7411381113953764,-0.3490291320179622,0.5427198224522234,-0.7857030979556641,-0.7414410187794149,-0.1809019531714992,-0.7895049244350041,-0.7338810556293143,-0.7868280893341464,-0.7890572844569888,-0.0558087695099965,-0.4072439448303684,0.411730286576264,-0.766157442412093,-0.3415167893808343,-0.4405411481900912,0.4421464241479685,-0.995431279174774
13,4,-0.2367633124928783,-0.4460803826728539,0.6504990662435891,-0.168519509045629,-0.7742563421537373,0.2228697589086617,-0.7412113875521511,-0.4855546676274246,-0.1341096708646426,-0.3210027955369113,0.4046188997933651,-0.7357475333623414,-0.7509604797620385,-0.3490291320179622,0.5204893235229973,-0.7416468473688294,-0.7514388229176766,-0.1809000788751224,-0.7787957816234666,-0.730501504742822,-0.7731326230951006,-0.7788369107775888,-0.0103853141699793,-0.1277650129266817,0.3778392711546389,-0.7360116553518331,-0.3649987392026293,-0.4138248316350496,0.4335056283317459,-0.9893426906523112
13,5,-0.236762696532594,-0.4460803826728539,0.6500224413280543,-0.1685195938238795,-0.9104839367393044,0.2490386668428392,-0.8898384052354473,-0.4670847543688503,-0.1341095771555686,-0.3226498083411028,0.2661203832609896,-0.8409517987119132,-0.8927709230557264,-0.3403168698444814,0.3771352973396801,-0.8895371036843498,-0.8936298151063399,-0.1809016512732195,-0.8020478245772843,-0.8839560271989587,-0.8355310267168635,-0.8016004703362531,-0.0768917677056619,-0.3734271557863332,0.3980191911256063,-0.840673056089205,-0.4480552654241605,-0.2170955915479249,0.4736777492317281,-1.015219191872781
14,1,-0.2367741043845533,-0.5700463418873636,0.5408753356705517,-0.1685197398450424,0.0008892040995752,-0.1793119928272102,-0.3004751158836078,-0.5554981096394,-0.1341096775702314,-0.5001154379927304,0.7335528765577553,-0.2730812614382576,0.0206216353263128,-0.6280828894345557,0.9495706447672484,-0.2999581592257649,0.020613829981696,-0.1809047905228846,-0.4016285738363096,-0.1572380255561796,-0.4264907178175247,-0.4016122095197315,-0.0306539476284725,-0.3230844999327069,0.0161476044972956,-0.272996225785493,0.6964723629269916,-0.7425164837970771,0.3539193510770642,0.0056341503936127
14,2,-0.2367739975147411,-0.5369804966223545,0.4835214708345131,-0.1685196812134272,0.0789216342455606,-0.0413304782651824,-0.2884706259938031,-0.7401972422251367,-0.1341096734225496,-0.598112699842121,0.6491553430458429,-0.2411131145088307,0.0956048938396728,-0.6106583650875939,0.9265228480832716,-0.2888314783515847,0.0950419274554478,-0.1809049598757979,-0.4142081491252045,-0.1156523654952781,-0.4635006592206908,-0.4141553953989949,0.1365622784041014,-0.2788134042866483,0.1855323682954175,-0.2408315427881682,0.7703970197733806,-0.7125618258414242,0.135928747853764,1.2697773423701144
14,3,-0.2367747290767274,-0.6196244694320278,0.4712880980024494,-0.1685197753904977,-0.1392882885248776,0.1485482981595745,-0.4622499082081185,-0.7223328998930736,-0.1341096939958665,-0.3564135708270273,0.1644105351825248,-0.4183910202083837,-0.0937387963712562,-0.6891558472706568,0.4701437818303386,-0.4619031703297236,-0.0949163511715911,-0.1809046861688912,-0.549319389254326,-0.3042198488568319,-0.5840779755602808,-0.5498076278710319,-0.0220578754027724,-0.3052505055323491,0.3753783053045207,-0.4183108492555751,0.4707847340841923,-0.4559232698429941,-0.0509853090129456,-0.4918542701293489
14,4,-0.2367746516823676,-0.5865586241670186,0.3093945016924129,-0.168519783406065,-0.1111123491808265,0.1078851634403052,-0.3736453399738467,-0.6959905645898622,-0.1341097158756523,-0.3518842856155008,0.1427701419743409,-0.3375987943321932,-0.0668149830804939,-0.680443585097176,0.6164400799307597,-0.372664486881339,-0.0660338058832699,-0.1809047222155045,-0.4527537282174156,-0.239149174160986,-0.4691147276267748,-0.4527140779167324,0.0112405938504673,0.0513004781690877,0.3510499000433543,-0.3379220837615479,0.6990814684627467,-0.4713053914958968,-0.2823160882332208,-0.3246717769500368
14,5,-0.2367739975147411,-0.5121707924971729,0.5091003413015552,-0.168519673879079,0.0107200614408018,-0.1271063431605426,-0.297045261629377,-0.4313560697047247,-0.1341096709563604,-0.4782925183371938,0.614530713912749,-0.2509941781051982,0.0352674881587466,-0.6106583650875939,0.8617928659069959,-0.2970751326024955,0.0361659697523317,-0.1809047294630734,-0.3820807206905925,-0.1422305283992155,-0.4375758210397292,-0.3821005870408758,-0.0498367614374045,-0.2824434834622548,0.0501089332289242,-0.251201326464909,0.780833441916401,-0.7149905818918828,0.1523007820318702,0.2788595603391657
15,1,-0.2367664674737412,-0.3055608604729898,0.2863576307748905,-0.1685194193017509,-0.84939218040454,-0.1800609346367742,-0.848108511808983,-0.1912471973432664,-0.1341096230776415,-0.2020061204340799,0.3937987031892732,-0.8659450772203748,-0.8433082823521766,-0.3577413941914431,0.2197237497746463,-0.8484539743027615,-0.8436407944150142,-0.1809018060846333,-0.9112664111963188,-0.8617311840810112,-0.8862364343590754,-0.911237206169817,-0.1291920808262395,-0.2407528176452314,0.0494058001288905,-0.866368095288209,0.4512164425660303,-0.2203339329485374,0.1610931707571491,-0.3764247793909772
15,2,-0.2367655111827279,-0.1981484642438342,0.2043781453028796,-0.1685187985420176,-0.550955439688736,-0.2319581964995038,-0.6851904347330636,-0.4489176265735319,-0.1341096389183211,-0.3407669491872086,0.2791046191858996,-0.6973857570470271,-0.5441645457567724,-0.3316046076710005,0.4364711143345994,-0.6846169769772823,-0.5448175373935282,-0.1809028333166818,-0.7128171928633446,-0.6394827529015381,-0.6994703242636783,-0.712869044301461,-0.0922742127411258,0.2088694185001791,0.0776014374402424,-0.6971479085633391,1.1456733659994622,-0.459971196593758,-0.1624060971695,-0.1780382700340387
15,3,-0.2367591522798247,-0.0741825050293244,0.103015913265781,-0.168518004289051,-0.3211591493375669,-0.3765920765464822,-0.6114485682671198,-0.2814772653933478,-0.1341076748656459,-0.5021742039979696,0.3158932876398116,-0.6136873359954357,-0.314215886315802,-0.2356390398301082,0.420778997443381,-0.6112799872478675,-0.3137571750869538,-0.1809018611790311,-0.754150083098285,-0.5264109995128053,-0.7148821935822917,-0.7542151014590336,-0.1795922095600838,-0.428592506755753,-0.0986740307382101,-0.6138225671608546,1.2548209475785417,-0.5708843895646883,-0.1802940604381714,0.1154824349863934
15,4,-0.2367681348813402,-0.3799486921428356,0.4191771072372954,-0.1685194623719668,-0.6530383601159357,-0.2415182184215854,-0.7457845265577905,-0.5164387848794652,-0.1341096692442952,-0.310297212309667,0.569085888175562,-0.7427224017833067,-0.6482641104998814,-0.4188143520275443,0.4634419402413812,-0.7466470966685621,-0.6481281801556037,-0.1809036709736737,-0.7779155781047102,-0.7054699159733817,-0.772310179952808,-0.7779077858976434,-0.1578758165688404,-0.0691661199958299,0.0587574703593387,-0.7428942551372805,0.3633765561956151,-0.3992522953322996,0.4006099670664774,-0.2381630816933667
15,5,-0.2367675429869961,-0.2973047193331624,0.1034925381813159,-0.1685195416287703,-0.9473496517689036,0.0388503507587288,-0.8784055577213477,-0.1285706064494181,-0.1341096702348472,-0.1015383393784029,-0.1407190090528669,-0.8769886188869045,-0.9336389914384466,-0.3839217420227533,-0.015494544042678,-0.8783203282281926,-0.9336210316594016,-0.1809038299831368,-0.8638454466233126,-0.920271879097873,-0.8501562112906752,-0.8638518372925984,-0.1640287945830257,-0.1484784281820677,0.0821718025904615,-0.8768296469620894,0.587759632270538,-0.0049842298078973,-0.2198598097019275,-0.7272796929979413
16,1,-0.2367745706674681,-0.7601027109261925,-2.5001505004142497,-0.1685198775183798,2.242236902387237,-0.6073542646933218,2.117000490972775,1.5064708951292356,-0.1341097251187662,2.7827928339618557,-1.6555465336257336,2.1285984315143955,2.231794614153615,-0.7152926337910996,-1.8735392596934968,2.1167839550207685,2.23235027879127,-0.1809047713624144,2.0830392590268105,2.175110330311297,2.0640101506343638,2.083332281894407,-0.5077811986402491,-0.3522510242958717,-0.8374559789436348,2.128618143348568,-1.6695515070800824,1.9242576596061705,-1.8523638473317716,0.6616795636890641
16,2,-0.2367745706674681,-0.7683588520660201,-2.5020570000763893,-0.1685198775893027,2.248117861689578,-0.6059004364747563,2.1192870604755947,1.5064708951292356,-0.1341097252084458,2.7650874463167967,-1.6447263370216416,2.1402232122160054,2.233110109917007,-0.7065803716176187,-1.8748469361010984,2.1194417451890946,2.233461145917744,-0.1809054664767132,2.071266536963442,2.1768860265397927,2.0592900421655536,2.0712536584551158,-0.5077811986402491,-0.3318730950517343,-0.8374559789436348,2.1403185629838286,-1.655636277556056,1.9242576596061705,-1.8529702189679973,0.613985620263099
16,3,-0.2367745706674681,-0.7601027109261925,-2.5020570000763893,-0.1685198777231824,2.257773168006854,-0.6106584197355159,2.0855601603090004,1.5064708951292356,-0.1341097253409271,2.7840280935649995,-1.6425622977008234,2.0972115236200475,2.2451249712226566,-0.7152926337910996,-1.8756642338558491,2.0852958986197483,2.245680684308958,-0.1809047261572205,2.073540396053563,2.151510754629353,2.054283866516816,2.0735764706549795,-0.5077811986402491,-0.3142868647714603,-0.8374559789436348,2.096912300336939,-1.655636277556056,1.9242576596061705,-1.852667033149885,0.6652312403271674
16,4,-0.2367745706674681,-0.7601027109261925,-2.500944875273474,-0.1685198777329472,2.2558421067433985,-0.600261345202745,2.130148265613987,1.5064708951292356,-0.1341097250637356,2.7444997862644045,-1.6425622977008234,2.136735778005523,2.243370976871467,-0.7065803716176187,-1.8738661787953967,2.130163000444378,2.2434589500560103,-0.1809057318214164,2.0908877404023896,2.193210975737254,2.0642962178142907,2.090765280933971,-0.5077811986402491,-0.3801023899243211,-0.8374559789436348,2.136785495093965,-1.6673772524669537,1.9242576596061705,-1.852363847331772,0.6391010479182613
16,5,-0.2367745706674681,-0.7601027109261925,-2.502692499963769,-0.1685198776072904,2.244870167746494,-0.6015830072196225,2.1370079741224512,1.5064708951292356,-0.1341097252797819,2.752734850285361,-1.6663667302298253,2.144291885461567,2.2360042005964704,-0.7152926337910996,-1.8730488810406465,2.13710028325662,2.235682880170691,-0.1809049809143621,2.081278851989297,2.178203478580289,2.0732715755845272,2.081474032134516,-0.5077811986402491,-0.297832983483245,-0.8374559789436348,2.1446316588493755,-1.6599847867823143,1.9242576596061705,-1.8522122544227155,0.6454433276291607
17,1,-0.2367749409421899,-0.5287243554825269,0.0855396663628328,-0.1685197698451528,0.1034987775986268,-0.1570640155431029,-0.2604601495842594,0.1666452202245058,-0.1341096933864528,-0.3852362949003775,0.2076913215988924,-0.2626189588068096,0.1142849336798429,-0.680443585097176,0.3004727679440404,-0.2609021579386625,0.1139266686055049,-0.1809048325924355,-0.4719348298969845,-0.1128456198437847,-0.4631073168482899,-0.4717611379556133,-0.0363545007886743,-0.2961856869010661,-0.1934563726227548,-0.2627640941044612,0.8869370670371,-0.6680346315830217,-0.2814065307788818,0.6150003850168428
17,2,-0.2367760111311217,-0.8344905425960382,-0.19614565871832,-0.1685198629958976,-0.3906773548219543,-0.292446261471938,-0.4473872064397893,0.8127893988113295,-0.1341097227830201,0.208923574211684,-0.2229525032439648,-0.418391020208385,-0.3681512126148856,-0.9943899525185604,-0.1742137680153132,-0.447262800758434,-0.3681896642841747,-0.1809049428098303,-0.4316288437672599,-0.4023413856120993,-0.4596387522916649,-0.4318087681179588,-0.3512421991617031,-0.1908946410912826,-0.4474983616649361,-0.4182190812584356,0.7617000013208651,0.6742578789702829,-0.5745872168942235,-0.0428208665976602
17,3,-0.2367758746580735,-0.8427466837358658,0.2425081385456754,-0.168519852802793,0.1287781250474948,-0.4892857911855842,-0.2130138324007445,0.6934919262887386,-0.1341097185599259,-0.3831775288951382,0.7119124833495715,-0.2091449675794024,0.1427873418866758,-0.9333169946824592,0.7333136588601459,-0.212386225543958,0.1428092138938261,-0.1809045063521016,-0.2984247112621107,-0.1277958364772493,-0.3066285694277544,-0.2984793478457842,-0.3478942552422194,-0.2814567795948399,-0.5427728967195049,-0.2092633517722486,0.6282007680747385,-0.1774259093904387,0.1897442305688347,0.4518769508525059
17,4,-0.2367759182323333,-0.7849124150513742,-0.0317100628587637,-0.1685198541495564,-0.1425359824679608,-0.3846982702499985,-0.2844691293638687,0.732854036511928,-0.1341097193181263,0.1689835137100417,-0.0303530036911284,-0.2812186079293851,-0.1360100602349277,-0.9507850803402884,0.1646378811044319,-0.2851826477815095,-0.1360184348511265,-0.18090489564433,-0.3779364291231138,-0.2204184429765298,-0.3807914858240502,-0.3783840875210944,-0.3468084355926574,-0.2722868286207105,-0.4981942581773672,-0.2815765335180175,0.8425822729292666,0.2387009605880886,-0.4252682014735349,0.0979777429843109
17,5,-0.2367760848623472,-0.7931685561912016,-0.1658005390959286,-0.1685198620577116,-0.3294978229752144,-0.3322282881799556,-0.2495989444458646,1.1413116264433365,-0.1341097209405118,0.6161474900480166,-0.4112239241551637,-0.2353007241580249,-0.3043935179491396,-1.055419349043794,-0.0800610666680035,-0.249505193318551,-0.3048702380751634,-0.1809052220536516,-0.2289253084269626,-0.2556459649289467,-0.2681882921249492,-0.2292595442898477,-0.391688981107894,-0.287607021651353,-0.5098662676379269,-0.2346830869798351,1.3922338391282998,1.169724113263782,-0.8106173762952513,-0.01060208566629
18,1,-0.236770124602159,-0.2559827329283258,0.0888760407715774,-0.1685193775967999,0.1808290036488099,-0.183409145079531,-0.1850033559912008,0.2256883855592901,-0.1341096023473852,-0.369177920059511,0.2163474788821662,-0.1812454938955373,0.1963718693155214,-0.4057023974564556,0.3439530084967914,-0.1849073780409219,0.1961308359645757,-0.1809040916557384,-0.3459923764215763,0.0053241001364352,-0.3423869669187359,-0.3458647167230037,-0.0558087695099965,-0.2554144268593807,-0.2478085612553611,-0.1812741126447625,0.8921552781086096,-0.6502237538796606,-0.2868638755049168,0.6550835927897282
18,2,-0.2367748029783312,-0.5865586241670186,-0.2118742809309732,-0.1685198190008579,-0.2300481679072718,-0.292974926278689,-0.2181586137820901,0.7510211643072464,-0.1341097096368051,0.2550399327290436,-0.2922017615101538,-0.1876391232814235,-0.2076607294810273,-0.7240484572754479,-0.1822232860118724,-0.2184225625364282,-0.2071139309454569,-0.1809047905968677,-0.1424086375625223,-0.2085613746120585,-0.1770043785229458,-0.1423863680149473,-0.3176722749960725,-0.2824267426433302,-0.3759897253915075,-0.1880649444330704,0.6929935555459849,0.665352440118602,-0.6052089845236439,-0.1077658108372713
18,3,-0.2367742063985828,-0.5865586241670186,0.1953222719077156,-0.1685197731954867,0.3509379458568181,-0.4971717078862875,-0.0238002060423949,0.7337623929016945,-0.134109684852623,-0.33088487236206,0.7465371124826702,-0.0167548469677553,0.3481800804109902,-0.6542632372658658,0.7053620756476631,-0.0243588329576089,0.3483196322915032,-0.1809042804375957,-0.1167360349321248,0.0732588010072745,-0.1333791335839486,-0.1163708713764752,-0.3390267281041286,-0.3401611396849166,-0.5654840958505937,-0.0166882097754269,0.5794974647406469,-0.1175165934791333,0.1533619323952659,0.4232098465592402
18,4,-0.2367744857764616,-0.5204269336370004,-0.0436256857471374,-0.1685197751414968,-0.0697700830404898,-0.4043469789009132,-0.1878615678697254,0.4773031055244495,-0.1341096769791612,0.1825713693446212,0.0627006871040612,-0.1684582351237676,-0.0515552322251435,-0.680443585097176,0.1844164867694054,-0.1880606884101226,-0.0515925332391105,-0.1809046913699487,-0.1981181852704855,-0.1458964819032065,-0.2305346995669454,-0.1976692983717024,-0.3470798905050481,-0.3630341205815738,-0.4793502910964635,-0.1689772010280959,0.8899810234954803,0.2192709121844219,-0.4217815645652344,0.1504918189905586
18,5,-0.2367752350152003,-0.5287243554825269,-0.1559502908415394,-0.1685198016039444,-0.1456959008990694,-0.282577851745918,-0.0323748416779687,1.1746180274014202,-0.1341097041867309,0.5564432758960778,-0.3506308231722497,0.0035885192600627,-0.1135589325396996,-0.7763655916272006,-0.0686188981014903,-0.0322871561715999,-0.1126902251951743,-0.1809050879656408,0.0432042794552527,-0.0371207677769642,-0.0068659232608554,0.0429740455341725,-0.3572142072342951,-0.272227231305339,-0.4035525429128289,0.003776053586637,1.4435462479981462,1.1033381145512529,-0.7901523335726192,-0.0775765594133899
20,1,-0.2351990380109054,0.504325304638388,0.6752835618514065,-0.1684563019671246,-0.7969024242433486,-0.1791798266255225,-0.80523533363111,-0.6735844403089692,-0.1341005205609183,-0.3885303205087603,0.8590671571652256,-0.8142148030982103,-0.7918285481447588,0.5840977080727102,0.5342199258028136,-0.8045328655888923,-0.7914300394707382,-0.1807309539547735,-0.7598714059702022,-0.8377306447345685,-0.731331056428143,-0.7597898507387068,-0.036535470730268,-0.1078497999176198,0.1159221913920799,-0.8139226849230988,0.2050908203598176,-0.3053403947145776,0.9411902807620874,-0.0750396475290292
20,2,-0.2352700990671134,0.5001972340684744,0.6752835618514065,-0.1684564465027621,-0.7031581774537958,-0.1814266520542144,-0.7109143416397876,-0.71355212145867,-0.1341032714930314,-0.3831775288951382,0.7616853877283983,-0.7177291232748465,-0.6966743545927174,0.5753854458992292,0.5302968965800088,-0.7103389801317633,-0.6970063337204556,-0.1807290099205689,-0.710506658626609,-0.741556645778296,-0.7066577621593657,-0.7105462321015976,-0.0447696030727812,0.0471815670808834,0.1261176213425687,-0.7174286359311248,0.1933498454489213,-0.3352950526702319,0.9381584225809568,-0.0821430008052371
20,3,-0.2351990380109054,0.4960691634985603,0.6752835618514065,-0.1684563567565713,-0.7312463412858715,-0.1776819430063943,-0.7566457316961852,-0.6720705129926929,-0.1341024530524865,-0.386471554503521,0.768177505690854,-0.7752717877478167,-0.734823731731093,0.5753854458992292,0.5255565696024534,-0.7562421696491305,-0.7347758160205696,-0.1807300660085342,-0.7081227740966435,-0.7800491575702052,-0.6880633954640554,-0.7082234199017332,-0.0313778273948476,-0.020998096520507,0.1352583516430069,-0.7752883581274534,0.1742164048533845,-0.3199129310173275,0.9430093956707656,-0.1280611059121499
20,4,-0.2351246245479361,0.5001972340684744,0.6752835618514065,-0.1684561191349446,-0.800325669210383,-0.1824839816677166,-0.7840845657300254,-0.6778234367945437,-0.1341023262332942,-0.3860598013024732,0.8352627246362236,-0.8043337395018414,-0.8034926105801704,0.5840977080727102,0.544844796614576,-0.7838111117341435,-0.8036495778619525,-0.1807302473213622,-0.7592112533311347,-0.8202600850671099,-0.7377318095790287,-0.7593252882987341,-0.021062540724007,-0.0030710231669285,0.1234457155624406,-0.8048376532063081,0.1946543982167981,-0.3271991991687026,0.9451316963975572,-0.0981255456767039
20,5,-0.2351990380109054,0.504325304638388,0.6752835618514065,-0.1684568960310845,-0.6878852383701048,-0.1901936767661697,-0.7429263146792672,-0.6796401495740754,-0.1340977186153764,-0.3802952564878031,0.7876538595782184,-0.7636470070462053,-0.6910615726689102,0.5840977080727102,0.527681543764806,-0.7425928404795894,-0.6914519980880867,-0.1807296615087958,-0.744614544978423,-0.7461963681817849,-0.7417367500980189,-0.7449238526595789,-0.0596996232542607,-0.1890116337786455,0.117890964072174,-0.7631290985064964,0.1737815539307588,-0.2988637119133553,0.9387647942171828,-0.1085268844025797
21,1,-0.2367761980361579,-1.0741663198852305,-1.66017852426983,-0.1685198774487418,0.6851870954585182,-0.328659800734386,1.191511484706403,1.5291798048733831,-0.1341097253735378,1.2469533940533384,-1.436978562223077,1.1625791552105929,0.6729321345337643,-1.125204569053376,-1.510168677931223,1.1915125981152568,0.6726928332218864,-0.1809048290339158,1.303912444340855,1.0022343311280746,1.3439075419609752,1.3042610700601374,-0.511400597472123,-0.2045169802665939,-0.7781818586107927,1.1627140894588617,-1.9443772901795988,1.7680076870266843,-1.381971050529338,-0.1755013581496785
21,2,-0.2367761899857814,-1.0659101787454028,-1.669552147608684,-0.1685198774610762,0.7367113209879822,-0.2630172538961287,1.218950318740243,1.5252435938510651,-0.1341097253388889,1.2181306699799883,-1.5257041743766304,1.1846662385436522,0.7252888659167771,-1.125204569053376,-1.4861401239415446,1.2195770604011444,0.7249035881661599,-0.1809048983982432,1.307176532389577,1.052698472331455,1.357674524995003,1.307513007139946,-0.5163772708659496,-0.2132670715020947,-0.7891507349713184,1.1844631047808756,-1.9378545263402116,1.7906760768309622,-1.4241138792470556,-0.3373563363718356
21,3,-0.2367761815094591,-1.057612756899876,-1.516078924806431,-0.1685198778380466,0.3758661912577852,-0.2184331885267889,0.8342349998907873,1.5288770194101289,-0.1341097252247512,1.2358360576250464,-1.5365243709807224,0.7993047582852763,0.3559853552737845,-1.107736483395547,-1.5605142196238817,0.8343776751577642,0.3549848350503459,-0.1809055010350286,0.8582727378237655,0.6469805243819158,0.9308622925426464,0.8582811276863153,-0.5091384732022018,-0.3303339441598082,-0.7639082566801082,0.7994963567815105,-1.9939502953589412,1.72590924881874,-1.276007607098819,-0.437310664615613
21,4,-0.2367761899857814,-1.0659101787454028,-1.5387980457802637,-0.1685198772038524,0.479792397436465,-0.3610405201478885,0.9880067989554292,1.510104320688299,-0.134109724656101,1.1831316478909204,-1.2746756131616983,0.9492644293360472,0.4641191070246299,-1.125204569053376,-1.4717556834579275,0.9876736063919148,0.4649606805712642,-0.1809049489420314,1.0578588857018003,0.7984302285155572,1.093312692344176,1.0575784144346176,-0.487060140327771,-0.3969617338468898,-0.7380329585988675,0.9488946561242916,-1.9174165329767985,1.7113367125159902,-1.2267399116554447,-0.1392235182033331
21,5,-0.2367761726497856,-1.0659101787454028,-1.600123784912426,-0.1685198779665301,0.3410193130036165,-0.255924334405552,0.9937232227124784,1.5064708951292356,-0.1341097253123926,1.218954176382084,-1.4954076238851737,0.9637954052130596,0.3365160179755786,-1.116492306879895,-1.6177250624564488,0.9939802271303168,0.3361000939002889,-0.1809040566148221,1.174632552523495,0.7512883576751689,1.2146051766335857,1.1746481493077452,-0.5145675714500126,-0.331181029597392,-0.8094712815622929,0.9640363756522764,-2.034391431163143,1.846537465991504,-1.2931376058222075,-0.3962126920889839
22,1,-0.2367763127433735,-1.132000588569722,-1.2002354807786066,-0.1685198774664725,0.1302703087510739,-0.123846243518911,0.4981092829762574,1.2751428012021817,-0.1341097253735378,0.5432671734625462,-1.051779563117405,0.5272848898675995,0.1700619540476756,-1.2821559721086346,-1.124894516341623,0.4980095533460087,0.1694700249292021,-0.1809065182778982,0.594871834835885,0.4185457966644567,0.6443660118449018,0.5948742242217769,-0.3668056141387606,-0.1872381114217752,-0.4929910732371176,0.5277254332534725,-1.3999439350520753,1.000520775081852,-1.246598582741851,-0.6993736622699829
22,2,-0.2367763152990486,-1.148554151555076,-1.2250199763864238,-0.1685198773546919,0.2715888830312045,-0.2571578856213043,0.7273378756339554,1.1870322313948878,-0.1341097252920109,0.5704428847317049,-0.9154450859058476,0.6737571267078878,0.2948586521348232,-1.2909117955929832,-1.094000661212037,0.7277507373877865,0.2949980102207535,-0.1809032587955046,0.8019763877699647,0.5406105922426676,0.8844121342018615,0.8020690724496148,-0.3678009488175261,-0.2486698857310449,-0.4702798741060285,0.6738200846992387,-1.3603725010931265,0.9373731177699351,-1.1933894716630065,-0.346996601532403
22,3,-0.2367763152990486,-1.148554151555076,-1.453005560983973,-0.1685198778169753,0.6914191568087603,-0.1741575109613872,1.280116052940676,1.3329748246839457,-0.1341097252125222,0.6424996949150804,-1.2292307874245123,1.20442836573639,0.6717043384879314,-1.2909117955929832,-1.1678843782415231,1.2804809978177096,0.6715819660954127,-0.1809049684742094,1.3357097964559332,1.0502354098209608,1.4471062771199483,1.33538675353831,-0.4232682359159936,-0.3481739652549788,-0.4659204488858196,1.204376760160104,-1.42125163026074,1.1851062349166832,-1.4495814879685538,-0.4819603137803455
22,4,-0.2367763165129942,-1.148554151555076,-1.1737033604804947,-0.1685198771452639,0.3657720073806332,-0.2716080570058335,0.7056154653571658,1.06561526062951,-0.1341097250127813,0.620676775259543,-0.9479056757181232,0.6720134096026451,0.369140312907707,-1.2821559721086346,-0.986771195788712,0.7050919500205288,0.3694261076945053,-0.1809044033764092,0.7205575622849891,0.5975474326015329,0.7749199210844757,0.7203060830144149,-0.3687057985254944,-0.3294299399378807,-0.4728111532661499,0.6719847247564528,-1.3164525579079187,0.9535648247729908,-1.1958149582079112,-0.362471764026998
22,5,-0.2367763072912667,-1.1402567297095494,-1.3846893230906308,-0.1685198778637433,0.1812678812086863,-0.1048143104758726,0.7376274383966452,1.4156352561526435,-0.1341097253653851,0.6280883328784053,-1.304972163653156,0.6929380148655436,0.200142957170579,-1.264731447761673,-1.2899886628013155,0.7379764724421948,0.2005743044704709,-0.180904804740912,0.8442995069635062,0.558596676621625,0.8940669015244264,0.8438796920471601,-0.4257113301275084,-0.298678729655315,-0.534475926139107,0.6933666680899097,-1.5369219756792083,1.275779794133796,-1.3020815874565437,-0.5253415070028988
23,1,-0.2367759765017247,-1.057612756899876,-2.49951500052687,-0.168519878572201,2.2626885966774672,-0.6067374890854454,2.131863192741103,1.5064708951292356,-0.1341097255590116,2.7379117350476383,-1.6620386515881884,2.1431294073914064,2.254947339589319,-1.0031022146920412,-1.873375800142547,2.132235175829853,2.2545676213207435,-0.1809049868803458,2.0937850769849624,2.2217939569636864,2.0648325937766554,2.093552655573807,-0.5077811986402491,-0.3099777779802727,-0.8374559789436348,2.143025718899437,-1.7565216916052462,1.9242576596061705,-1.851302696968376,0.649502386644136
23,2,-0.2367759765017247,-1.057612756899876,-2.49824400075211,-0.1685198786007243,2.2583875965906803,-0.601318674816247,2.128433338486873,1.5064708951292356,-0.1341097256038514,2.7453232926665,-1.6620386515881884,2.135573299935362,2.2451249712226566,-1.0031022146920412,-1.873375800142547,2.1284512033868115,2.244569817182481,-0.1809049980301135,2.0969024644472256,2.1717880599483053,2.071126071735069,2.0968045926536165,-0.5077811986402491,-0.185581774797377,-0.8374559789436348,2.135959583119712,-1.7821778960401693,1.9242576596061705,-1.8531218118770545,0.6462044011944692
23,3,-0.2367759765017247,-1.057612756899876,-2.503169124879304,-0.1685198786071484,2.248117861689578,-0.6066493782843203,2.12786169611117,1.5064708951292356,-0.1341097255508589,2.770440237930419,-1.6512184549840965,2.147198080636971,2.2314438152833773,-0.9943899525185604,-1.8759911529577495,2.1277304467309945,2.231239411664796,-0.1809052108941065,2.062867928388641,2.1820985541782805,2.050207409202844,2.062891534535607,-0.5077811986402491,-0.2985062992203918,-0.8374559789436348,2.1473846987635543,-1.7556519897599945,1.9242576596061705,-1.852363847331772,0.641130577425749
23,4,-0.2367759672374026,-1.057612756899876,-2.50301024990746,-0.1685198785914735,2.240393616635757,-0.6044466082561908,2.09013329931464,1.5064708951292356,-0.1341097255692024,2.7584993951000314,-1.6360701797383677,2.1036051530059323,2.226006432794689,-0.9987460836053008,-1.8740296383463475,2.0899808168825613,2.2267959431588986,-0.180905361688436,2.089970861737018,2.160790199436331,2.069159359873064,2.090300718493999,-0.5077811986402491,-0.3235284664505868,-0.8374559789436348,2.103519596130969,-1.7782642377365363,1.9242576596061705,-1.852667033149885,0.6500097690210079
23,5,-0.2367759765017247,-1.057612756899876,-2.501898125104544,-0.1685198785750276,2.2409202697076087,-0.6082353727045735,2.1192870604755947,1.5064708951292356,-0.1341097255264008,2.757264135496888,-1.6750228875130992,2.1408044512510847,2.230216019237544,-0.9943899525185604,-1.8748469361010984,2.119036319570198,2.2301285445383225,-0.1809050704773669,2.1322206306373293,2.1610193215303304,2.1020213271672765,2.1321113380915424,-0.5077811986402491,-0.3571982711044643,-0.8374559789436348,2.1408232869680943,-1.7721763248197755,1.9242576596061705,-1.8525154402408284,0.6606647989353203
24,1,-0.2367731679852109,-0.6898635901791101,0.2992265034943338,-0.1685198532740703,-1.2826521075143071,0.3611596612746275,-0.9087026036337124,0.8279286719740945,-0.1341096240294682,-0.0587160064694247,-0.7466500188820131,-0.8554827745889255,-1.2868934537680536,-0.6106583650875939,-0.8617246393118159,-0.9084569658995554,-1.2868767778781058,-0.180904279462046,-0.6771689503537066,-0.9935336686541992,-0.7597232240359826,-0.6770977364235605,-0.3534138384608271,-0.4640117269872493,-0.3929352331023199,-0.8557688916186197,-1.097722543827132,0.7131179757776159,0.4068252763377953,-1.8924833214844088
24,2,-0.2367730942113908,-0.6940123011018734,0.2898528801554798,-0.1685198551769099,-1.2385888005027383,0.4012060203860207,-0.8904100476111523,0.8657768548810083,-0.1341096213390801,-0.0809506793260099,-0.7293377043154667,-0.8374643645014305,-1.235764518430873,-0.6106583650875939,-0.9022626079474632,-0.8909786169959844,-1.2357768900603063,-0.1809042946327274,-0.6930126136913234,-0.9718816307712506,-0.7678761386639261,-0.6928928593826337,-0.3585714817962478,-0.4647486578363095,-0.4185292779435471,-0.8370482202022025,-1.1203347918036743,0.7738368770390742,0.3936366932498767,-1.9947208704241095
24,3,-0.236773241759031,-0.6857148792563468,0.2947780042826743,-0.1685198541259154,-1.2750156379724615,0.3934082144864427,-0.9367130800432574,0.82368967548852,-0.1341096157055702,-0.0895974965480142,-0.7185175077113748,-0.8624576430098921,-1.2669856178820498,-0.6106583650875939,-0.8713687528178772,-0.9362060971485228,-1.2668811696015776,-0.1809044240578504,-0.7025114766645706,-0.9919298139962032,-0.8248750242645504,-0.702648670622061,-0.3544996581103896,-0.4647513363673374,-0.4108651271531797,-0.8621467674198013,-1.0881558235293631,0.7390247069825051,0.3977297017944031,-1.9444900151137852
24,4,-0.2367730942113908,-0.6940123011018734,0.2995442534380236,-0.1685198536985795,-1.2824765564903562,0.3488241491171028,-0.9452877156788312,0.7755467868309263,-0.1341096201100618,-0.0615982788767597,-0.7012051931448273,-0.8746636627465815,-1.2890859467070404,-0.6106583650875939,-0.8728398887764288,-0.9443596568174562,-1.2890985121310536,-0.1809041282533136,-0.7537099813389068,-1.0333436324866048,-0.8324915629301296,-0.7542151014590336,-0.360833606066169,-0.4645176345351502,-0.3932867996523368,-0.8745813310321765,-1.101201351208139,0.7131179757776159,0.4316865134230673,-1.900094057137489
24,5,-0.2367730942113908,-0.6940123011018734,0.2925537546768445,-0.1685198536782791,-1.2528962089547016,0.3980340315455143,-0.920707093523517,0.8024946930606489,-0.1341096247734013,-0.0706568492998125,-0.7531421368444687,-0.8729199456413413,-1.2581279464085418,-0.6106583650875939,-0.9053683394155168,-0.9210251600853696,-1.2579942325897848,-0.1809046636456956,-0.7207756996787679,-0.9919298139962032,-0.8377838057587952,-0.7207666057809965,-0.3525994737236558,-0.4641094933697689,-0.3949743190924176,-0.8727459710893902,-1.1142468788869122,0.7333576095314354,0.4136469572453398,-1.9698591339573837
